dt,pressure,wind_speed,wind_gust
2025-11-23 23:04:50.618968,1012,3.14,3.14
2025-11-24 00:04:50.618968,1011,3.05,3.05
2025-11-24 01:04:50.618968,1011,2.78,2.78
2025-11-24 02:04:50.618968,1010,2.91,2.91
2025-11-24 03:04:50.618968,1010,3.44,3.44
2025-11-24 04:04:50.618968,1009,4.39,4.39
2025-11-24 05:04:50.618968,1010,3.03,3.03
2025-11-24 06:04:50.618968,1010,2.22,2.22
2025-11-24 07:04:50.618968,1011,1.78,1.78
2025-11-24 08:04:50.618968,1011,1.51,1.51
2025-11-24 09:04:50.618968,1011,1.18,1.18
2025-11-24 10:04:50.618968,1011,1.34,1.34
2025-11-24 11:04:50.618968,1011,1.89,1.89
2025-11-24 12:04:50.618968,1010,2.04,2.04
2025-11-24 13:04:50.618968,1010,2.27,2.27
2025-11-24 14:04:50.618968,1009,2.64,2.64
2025-11-24 15:04:50.618968,1009,2.51,2.51
2025-11-24 16:04:50.618968,1008,3.48,3.48
2025-11-24 17:04:50.618968,1008,4.71,4.71
2025-11-24 18:04:50.618968,1009,6.33,6.33
2025-11-24 19:04:50.618968,1010,6.09,6.09
2025-11-24 20:04:50.618968,1011,6.01,6.01
2025-11-24 21:04:50.618968,1011,5.48,5.48
2025-11-24 22:04:50.618968,1012,5.65,5.65
2025-11-24 23:04:50.618968,1011,5.31,5.31
2025-11-25 00:04:50.618968,1011,4.85,4.85
2025-11-25 01:04:50.618968,1011,5.73,5.73
2025-11-25 02:04:50.618968,1010,6.54,6.54
2025-11-25 03:04:50.618968,1010,7.4,7.4
2025-11-25 04:04:50.618968,1009,7.22,7.22
2025-11-25 05:04:50.618968,1010,5.96,5.96
2025-11-25 06:04:50.618968,1010,5.66,5.66
2025-11-25 07:04:50.618968,1010,5.89,5.89
2025-11-25 08:04:50.618968,1010,6.12,6.12
2025-11-25 09:04:50.618968,1011,5.97,5.97
2025-11-25 10:04:50.618968,1011,4.81,4.81
2025-11-25 11:04:50.618968,1011,4.65,4.65
2025-11-25 12:04:50.618968,1011,5.73,5.73
2025-11-25 13:04:50.618968,1009,5.91,5.91
2025-11-25 14:04:50.618968,1009,6.04,6.04
2025-11-25 15:04:50.618968,1009,6.63,6.63
2025-11-25 16:04:50.618968,1009,6.74,6.74
2025-11-25 17:04:50.618968,1009,5.28,5.28
2025-11-25 18:04:50.618968,1009,5.59,5.59
2025-11-25 19:04:50.618968,1010,6.09,6.09
2025-11-25 20:04:50.618968,1010,6.09,6.09
2025-11-25 21:04:50.618968,1011,5.93,5.93
2025-11-25 22:04:50.618968,1011,5.68,5.68
2025-11-25 23:04:50.618968,1011,4.94,4.94
2025-11-26 00:04:50.618968,1011,5.45,5.45
2025-11-26 01:04:50.618968,1010,5.82,5.82
2025-11-26 02:04:50.618968,1009,6.22,6.22
2025-11-26 03:04:50.618968,1009,6.25,6.25
2025-11-26 04:04:50.618968,1009,5.31,5.31
2025-11-26 05:04:50.618968,1008,3.9,3.9
2025-11-26 06:04:50.618968,1009,4.24,4.24
2025-11-26 07:04:50.618968,1010,4.36,4.36
2025-11-26 08:04:50.618968,1010,4.46,4.46
2025-11-26 09:04:50.618968,1010,4.55,4.55
2025-11-26 10:04:50.618968,1011,4.79,4.79
2025-11-26 11:04:50.618968,1010,4.86,4.86
2025-11-26 12:04:50.618968,1010,5.5,5.5
2025-11-26 13:04:50.618968,1009,6.11,6.11
2025-11-26 14:04:50.618968,1009,6.81,6.81
2025-11-26 15:04:50.618968,1008,5.49,5.49
2025-11-26 16:04:50.618968,1008,5.05,5.05
2025-11-26 17:04:50.618968,1008,4.24,4.24
2025-11-26 18:04:50.618968,1009,3.29,3.29
2025-11-26 19:04:50.618968,1009,3.64,3.64
2025-11-26 20:04:50.618968,1010,3.44,3.44
2025-11-26 21:04:50.618968,1011,3.43,3.43
2025-11-26 22:04:50.618968,1011,4.1,4.1
2025-11-26 23:04:50.618968,1011,4.94,4.94
2025-11-27 00:04:50.618968,1010,5.78,5.78
2025-11-27 01:04:50.618968,1009,6.9,6.9
2025-11-27 02:04:50.618968,1009,6.87,6.87
2025-11-27 03:04:50.618968,1009,5.37,5.37
2025-11-27 04:04:50.618968,1009,4.63,4.63
2025-11-27 05:04:50.618968,1009,2.65,2.65
2025-11-27 06:04:50.618968,1009,1.41,1.41
2025-11-27 07:04:50.618968,1010,0.95,0.95
2025-11-27 08:04:50.618968,1010,0.66,0.66
2025-11-27 09:04:50.618968,1011,1.34,1.34
2025-11-27 10:04:50.618968,1011,2.8,2.8
2025-11-27 11:04:50.618968,1011,4.03,4.03
2025-11-27 12:04:50.618968,1010,4.74,4.74
2025-11-27 13:04:50.618968,1010,4.78,4.78
2025-11-27 14:04:50.618968,1009,3.75,3.75
2025-11-27 15:04:50.618968,1008,2.67,2.67
2025-11-27 16:04:50.618968,1009,2.04,2.04
2025-11-27 17:04:50.618968,1009,1.66,1.66
2025-11-27 18:04:50.618968,1010,1.35,1.35
2025-11-27 19:04:50.618968,1011,1.69,1.69
2025-11-27 20:04:50.618968,1011,1.68,1.68
2025-11-27 21:04:50.618968,1012,2.09,2.09
2025-11-27 22:04:50.618968,1012,2.67,2.67
2025-11-27 23:04:50.618968,1012,2.84,2.84
2025-11-28 00:04:50.618968,1012,2.07,2.07
2025-11-28 01:04:50.618968,1011,1.98,1.98
2025-11-28 02:04:50.618968,1011,1.79,1.79
2025-11-28 03:04:50.618968,1010,1.74,1.74
2025-11-28 04:04:50.618968,1010,1.87,1.87
2025-11-28 05:04:50.618968,1011,0.65,0.65
2025-11-28 06:04:50.618968,1011,0.76,0.76
2025-11-28 07:04:50.618968,1012,0.8,0.8
2025-11-28 08:04:50.618968,1013,0.44,0.44
2025-11-28 09:04:50.618968,1013,0.47,0.47
2025-11-28 10:04:50.618968,1013,0.51,0.51
2025-11-28 11:04:50.618968,1013,0.2,0.2
2025-11-28 12:04:50.618968,1012,0.45,0.45
2025-11-28 13:04:50.618968,1011,1.27,1.27
2025-11-28 14:04:50.618968,1010,1.45,1.45
2025-11-28 15:04:50.618968,1009,2.07,2.07
2025-11-28 16:04:50.618968,1009,2.0,2.0
2025-11-28 17:04:50.618968,1010,1.43,1.43
2025-11-28 18:04:50.618968,1011,0.72,0.72
2025-11-28 19:04:50.618968,1011,0.77,0.77
2025-11-28 20:04:50.618968,1012,1.14,1.14
2025-11-28 21:04:50.618968,1013,1.38,1.38
2025-11-28 22:04:50.618968,1013,1.4,1.4
2025-11-28 23:04:50.618968,1012,1.21,1.21
2025-11-29 00:04:50.618968,1012,1.03,1.03
2025-11-29 01:04:50.618968,1012,0.67,0.67
2025-11-29 02:04:50.618968,1011,0.5,0.5
2025-11-29 03:04:50.618968,1011,0.49,0.49
2025-11-29 04:04:50.618968,1010,0.52,0.52
2025-11-29 05:04:50.618968,1011,0.88,0.88
2025-11-29 06:04:50.618968,1011,1.27,1.27
2025-11-29 07:04:50.618968,1011,1.61,1.61
2025-11-29 08:04:50.618968,1012,1.3,1.3
2025-11-29 09:04:50.618968,1013,1.12,1.12
2025-11-29 10:04:50.618968,1012,0.86,0.86
2025-11-29 11:04:50.618968,1012,1.36,1.36
2025-11-29 12:04:50.618968,1011,2.2,2.2
2025-11-29 13:04:50.618968,1010,2.8,2.8
2025-11-29 14:04:50.618968,1009,2.79,2.79
2025-11-29 15:04:50.618968,1009,2.44,2.44
2025-11-29 16:04:50.618968,1009,2.08,2.08
2025-11-29 17:04:50.618968,1009,1.54,1.54
2025-11-29 18:04:50.618968,1010,1.08,1.08
2025-11-29 19:04:50.618968,1011,0.94,0.94
2025-11-29 20:04:50.618968,1011,0.89,0.89
2025-11-29 21:04:50.618968,1013,1.11,1.11
2025-11-29 22:04:50.618968,1013,0.85,0.85
2025-11-29 23:04:50.618968,1013,0.51,0.51
2025-11-30 00:04:50.618968,1013,0.6,0.6
2025-11-30 01:04:50.618968,1012,0.66,0.66
2025-11-30 02:04:50.618968,1011,0.68,0.68
2025-11-30 03:04:50.618968,1010,0.93,0.93
2025-11-30 04:04:50.618968,1010,0.86,0.86
2025-11-30 05:04:50.618968,1011,0.83,0.83
2025-11-30 06:04:50.618968,1011,1.07,1.07
2025-11-30 07:04:50.618968,1012,1.44,1.44
2025-11-30 08:04:50.618968,1012,1.2,1.2
2025-11-30 09:04:50.618968,1013,1.11,1.11
2025-11-30 10:04:50.618968,1013,0.96,0.96
2025-11-30 11:04:50.618968,1012,1.27,1.27
2025-11-30 12:04:50.618968,1011,1.9,1.9
2025-11-30 13:04:50.618968,1010,2.41,2.41
2025-11-30 14:04:50.618968,1010,2.67,2.67
2025-11-30 15:04:50.618968,1009,2.24,2.24
2025-11-30 16:04:50.618968,1010,1.23,1.23
2025-11-30 17:04:50.618968,1010,0.95,0.95
2025-11-30 18:04:50.618968,1011,0.18,0.18
2025-11-30 19:04:50.618968,1012,0.25,0.25
2025-11-30 20:04:50.618968,1013,0.59,0.59
2025-11-30 21:04:50.618968,1014,0.46,0.46
2025-11-30 22:04:50.618968,1014,0.51,0.51
2025-11-30 23:04:50.618968,1014,0.53,0.53
2025-12-01 00:04:50.618968,1013,0.78,0.78
2025-12-01 01:04:50.618968,1013,0.88,0.88
2025-12-01 02:04:50.618968,1012,0.84,0.84
2025-12-01 03:04:50.618968,1012,0.68,0.68
2025-12-01 04:04:50.618968,1012,0.67,0.67
2025-12-01 05:04:50.618968,1012,1.57,1.57
2025-12-01 06:04:50.618968,1012,1.83,1.83
2025-12-01 07:04:50.618968,1013,1.77,1.77
2025-12-01 08:04:50.618968,1013,1.16,1.16
2025-12-01 09:04:50.618968,1013,0.54,0.54
2025-12-01 10:04:50.618968,1013,0.43,0.43
2025-12-01 11:04:50.618968,1012,1.24,1.24
2025-12-01 12:04:50.618968,1011,2.05,2.05
2025-12-01 13:04:50.618968,1010,2.53,2.53
2025-12-01 14:04:50.618968,1010,2.72,2.72
2025-12-01 15:04:50.618968,1009,2.41,2.41
2025-12-01 16:04:50.618968,1009,1.65,1.65
2025-12-01 17:04:50.618968,1009,0.65,0.65
2025-12-01 18:04:50.618968,1010,1.14,1.14
2025-12-01 19:04:50.618968,1010,0.77,0.77
2025-12-01 20:04:50.618968,1011,0.8,0.8
2025-12-01 21:04:50.618968,1012,1.16,1.16
2025-12-01 22:04:50.618968,1013,1.04,1.04
2025-12-01 23:04:50.618968,1013,0.66,0.66
2025-12-02 00:04:50.618968,1013,0.57,0.57
2025-12-02 01:04:50.618968,1012,0.68,0.68
2025-12-02 02:04:50.618968,1012,0.36,0.36
2025-12-02 03:04:50.618968,1011,0.61,0.61
2025-12-02 04:04:50.618968,1011,0.78,0.78
2025-12-02 05:04:50.618968,1012,0.96,0.96
2025-12-02 06:04:50.618968,1012,0.98,0.98
2025-12-02 07:04:50.618968,1013,0.56,0.56
2025-12-02 08:04:50.618968,1014,0.24,0.24
2025-12-02 09:04:50.618968,1014,0.12,0.12
2025-12-02 10:04:50.618968,1014,0.66,0.66
2025-12-02 11:04:50.618968,1013,1.37,1.37
2025-12-02 12:04:50.618968,1013,2.07,2.07
2025-12-02 13:04:50.618968,1012,1.52,1.52
2025-12-02 14:04:50.618968,1010,1.28,1.28
2025-12-02 15:04:50.618968,1010,0.98,0.98
2025-12-02 16:04:50.618968,1009,0.73,0.73
2025-12-02 17:04:50.618968,1009,1.08,1.08
2025-12-02 18:04:50.618968,1010,0.88,0.88
2025-12-02 19:04:50.618968,1010,0.83,0.83
2025-12-02 20:04:50.618968,1011,0.4,0.4
2025-12-02 21:04:50.618968,1012,0.26,0.26
2025-12-02 22:04:50.618968,1012,0.58,0.58
2025-12-02 23:04:50.618968,1013,0.84,0.84
2025-12-03 00:04:50.618968,1013,0.99,0.99
2025-12-03 01:04:50.618968,1012,0.98,0.98
2025-12-03 02:04:50.618968,1012,1.18,1.18
2025-12-03 03:04:50.618968,1011,1.24,1.24
2025-12-03 04:04:50.618968,1011,1.53,1.53
2025-12-03 05:04:50.618968,1011,1.82,1.82
2025-12-03 06:04:50.618968,1011,2.11,2.11
2025-12-03 07:04:50.618968,1011,2.15,2.15
2025-12-03 08:04:50.618968,1012,1.49,1.49
2025-12-03 09:04:50.618968,1013,0.36,0.36
2025-12-03 10:04:50.618968,1013,1.07,1.07
2025-12-03 11:04:50.618968,1012,1.9,1.9
2025-12-03 12:04:50.618968,1011,2.8,2.8
2025-12-03 13:04:50.618968,1011,3.22,3.22
2025-12-03 14:04:50.618968,1010,2.99,2.99
2025-12-03 15:04:50.618968,1009,2.32,2.32
2025-12-03 16:04:50.618968,1009,1.09,1.09
2025-12-03 17:04:50.618968,1009,0.77,0.77
2025-12-03 18:04:50.618968,1010,1.41,1.41
2025-12-03 19:04:50.618968,1011,1.6,1.6
2025-12-03 20:04:50.618968,1012,1.48,1.48
2025-12-03 21:04:50.618968,1012,0.91,0.91
2025-12-03 22:04:50.618968,1013,0.91,0.91
2025-12-03 23:04:50.618968,1013,1.04,1.04
2025-12-04 00:04:50.618968,1013,1.33,1.33
2025-12-04 01:04:50.618968,1013,1.25,1.25
2025-12-04 02:04:50.618968,1012,0.91,0.91
2025-12-04 03:04:50.618968,1011,0.58,0.58
2025-12-04 04:04:50.618968,1011,0.18,0.18
2025-12-04 05:04:50.618968,1011,0.62,0.62
2025-12-04 06:04:50.618968,1011,1.12,1.12
2025-12-04 07:04:50.618968,1012,1.35,1.35
2025-12-04 08:04:50.618968,1013,1.19,1.19
2025-12-04 09:04:50.618968,1013,0.77,0.77
2025-12-04 10:04:50.618968,1013,0.4,0.4
2025-12-04 11:04:50.618968,1013,1.35,1.35
2025-12-04 12:04:50.618968,1012,2.09,2.09
2025-12-04 13:04:50.618968,1011,2.46,2.46
2025-12-04 14:04:50.618968,1010,2.37,2.37
2025-12-04 15:04:50.618968,1010,2.07,2.07
2025-12-04 16:04:50.618968,1009,1.75,1.75
2025-12-04 17:04:50.618968,1010,1.44,1.44
2025-12-04 18:04:50.618968,1011,1.4,1.4
2025-12-04 19:04:50.618968,1012,1.05,1.05
2025-12-04 20:04:50.618968,1012,0.8,0.8
2025-12-04 21:04:50.618968,1013,0.54,0.54
2025-12-04 22:04:50.618968,1014,0.63,0.63
2025-12-04 23:04:50.618968,1014,0.83,0.83
2025-12-05 00:04:50.618968,1014,1.02,1.02
2025-12-05 01:04:50.618968,1013,1.25,1.25
2025-12-05 02:04:50.618968,1013,0.91,0.91
2025-12-05 03:04:50.618968,1012,0.46,0.46
2025-12-05 04:04:50.618968,1012,0.47,0.47
2025-12-05 05:04:50.618968,1012,0.72,0.72
2025-12-05 06:04:50.618968,1012,1.04,1.04
2025-12-05 07:04:50.618968,1013,1.29,1.29
2025-12-05 08:04:50.618968,1013,1.46,1.46
2025-12-05 09:04:50.618968,1014,1.16,1.16
2025-12-05 10:04:50.618968,1014,1.43,1.43
2025-12-05 11:04:50.618968,1013,2.35,2.35
2025-12-05 12:04:50.618968,1012,3.04,3.04
2025-12-05 13:04:50.618968,1011,3.24,3.24
2025-12-05 14:04:50.618968,1010,2.71,2.71
2025-12-05 15:04:50.618968,1010,1.11,1.11
2025-12-05 16:04:50.618968,1010,0.95,0.95
2025-12-05 17:04:50.618968,1010,0.69,0.69
2025-12-05 18:04:50.618968,1010,0.31,0.31
2025-12-05 19:04:50.618968,1011,0.35,0.35
2025-12-05 20:04:50.618968,1012,0.55,0.55
2025-12-05 21:04:50.618968,1014,0.23,0.23
2025-12-05 22:04:50.618968,1014,0.45,0.45
2025-12-05 23:04:50.618968,1013,0.74,0.74
2025-12-06 00:04:50.618968,1013,0.38,0.38
2025-12-06 01:04:50.618968,1013,0.6,0.6
2025-12-06 02:04:50.618968,1012,0.48,0.48
2025-12-06 03:04:50.618968,1011,0.62,0.62
2025-12-06 04:04:50.618968,1011,0.52,0.52
2025-12-06 05:04:50.618968,1011,0.61,0.61
2025-12-06 06:04:50.618968,1012,0.76,0.76
2025-12-06 07:04:50.618968,1012,1.11,1.11
2025-12-06 08:04:50.618968,1012,0.38,0.38
2025-12-06 09:04:50.618968,1013,0.72,0.72
2025-12-06 10:04:50.618968,1013,1.11,1.11
2025-12-06 11:04:50.618968,1013,1.42,1.42
2025-12-06 12:04:50.618968,1012,1.54,1.54
2025-12-06 13:04:50.618968,1011,2.02,2.02
2025-12-06 14:04:50.618968,1010,2.29,2.29
2025-12-06 15:04:50.618968,1009,1.75,1.75
2025-12-06 16:04:50.618968,1009,1.31,1.31
2025-12-06 17:04:50.618968,1009,0.19,0.19
2025-12-06 18:04:50.618968,1010,1.6,1.6
2025-12-06 19:04:50.618968,1011,1.25,1.25
2025-12-06 20:04:50.618968,1012,0.54,0.54
2025-12-06 21:04:50.618968,1013,0.69,0.69
2025-12-06 22:04:50.618968,1013,1.18,1.18
2025-12-06 23:04:50.618968,1013,0.92,0.92
2025-12-07 00:04:50.618968,1013,1.06,1.06
2025-12-07 01:04:50.618968,1012,1.04,1.04
2025-12-07 02:04:50.618968,1012,1.56,1.56
2025-12-07 03:04:50.618968,1011,1.7,1.7
2025-12-07 04:04:50.618968,1011,1.17,1.17
2025-12-07 05:04:50.618968,1012,0.76,0.76
2025-12-07 06:04:50.618968,1013,2.44,2.44
2025-12-07 07:04:50.618968,1013,2.81,2.81
2025-12-07 08:04:50.618968,1014,2.03,2.03
2025-12-07 09:04:50.618968,1014,1.2,1.2
2025-12-07 10:04:50.618968,1014,1.45,1.45
2025-12-07 11:04:50.618968,1013,2.11,2.11
2025-12-07 12:04:50.618968,1013,3.06,3.06
2025-12-07 13:04:50.618968,1012,2.95,2.95
2025-12-07 14:04:50.618968,1011,3.02,3.02
2025-12-07 15:04:50.618968,1011,3.09,3.09
2025-12-07 16:04:50.618968,1010,2.63,2.63
2025-12-07 17:04:50.618968,1011,2.27,2.27
2025-12-07 18:04:50.618968,1011,1.35,1.35
2025-12-07 19:04:50.618968,1012,1.03,1.03
2025-12-07 20:04:50.618968,1013,0.52,0.52
2025-12-07 21:04:50.618968,1013,1.0,1.0
2025-12-07 22:04:50.618968,1014,0.71,0.71
2025-12-07 23:04:50.618968,1013,0.45,0.45
2025-12-08 00:04:50.618968,1013,0.73,0.73
2025-12-08 01:04:50.618968,1012,0.92,0.92
2025-12-08 02:04:50.618968,1012,0.89,0.89
2025-12-08 03:04:50.618968,1011,1.04,1.04
2025-12-08 04:04:50.618968,1011,1.28,1.28
2025-12-08 05:04:50.618968,1011,1.14,1.14
2025-12-08 06:04:50.618968,1012,0.7,0.7
2025-12-08 07:04:50.618968,1011,1.1,1.03
2025-12-08 08:04:50.618968,1011,1.1,1.03
2025-12-08 09:04:50.618968,1012,0.43,0.52
2025-12-08 10:04:50.618968,1012,0.43,0.52
2025-12-08 11:04:50.618968,1012,0.43,0.52
2025-12-08 12:04:50.618968,1011,1.06,1.21
2025-12-08 13:04:50.618968,1011,1.06,1.21
2025-12-08 14:04:50.618968,1011,1.06,1.21
2025-12-08 15:04:50.618968,1009,0.31,0.71
2025-12-08 16:04:50.618968,1009,0.31,0.71
2025-12-08 17:04:50.618968,1009,0.31,0.71
2025-12-08 18:04:50.618968,1010,0.62,0.51
2025-12-08 19:04:50.618968,1010,0.62,0.51
2025-12-08 20:04:50.618968,1010,0.62,0.51
2025-12-08 21:04:50.618968,1012,1.13,0.91
2025-12-08 22:04:50.618968,1012,1.13,0.91
2025-12-08 23:04:50.618968,1012,1.13,0.91
2025-12-09 00:04:50.618968,1011,1.28,1.15
2025-12-09 01:04:50.618968,1011,1.28,1.15
2025-12-09 02:04:50.618968,1011,1.28,1.15
2025-12-09 03:04:50.618968,1009,1.13,1.03
2025-12-09 04:04:50.618968,1009,1.13,1.03
2025-12-09 05:04:50.618968,1009,1.13,1.03
2025-12-09 06:04:50.618968,1010,1.14,1.01
2025-12-09 07:04:50.618968,1010,1.14,1.01
2025-12-09 08:04:50.618968,1010,1.14,1.01
2025-12-09 09:04:50.618968,1011,0.63,1.23
2025-12-09 10:04:50.618968,1011,0.63,1.23
2025-12-09 11:04:50.618968,1011,0.63,1.23
2025-12-09 12:04:50.618968,1009,1.49,1.74
2025-12-09 13:04:50.618968,1009,1.49,1.74
2025-12-09 14:04:50.618968,1009,1.49,1.74
2025-12-09 15:04:50.618968,1007,1.26,2.2
2025-12-09 16:04:50.618968,1007,1.26,2.2
2025-12-09 17:04:50.618968,1007,1.26,2.2
2025-12-09 18:04:50.618968,1010,0.51,0.61
2025-12-09 19:04:50.618968,1010,0.51,0.61
2025-12-09 20:04:50.618968,1010,0.51,0.61
2025-12-09 21:04:50.618968,1012,0.58,0.51
2025-12-09 22:04:50.618968,1012,0.58,0.51
2025-12-09 23:04:50.618968,1012,0.58,0.51
2025-12-10 00:04:50.618968,1011,0.11,0.33
2025-12-10 01:04:50.618968,1011,0.11,0.33
2025-12-10 02:04:50.618968,1011,0.11,0.33
2025-12-10 03:04:50.618968,1009,1.03,2.12
2025-12-10 04:04:50.618968,1009,1.03,2.12
2025-12-10 05:04:50.618968,1009,1.03,2.12
2025-12-10 06:04:50.618968,1010,0.58,1.03
2025-12-10 07:04:50.618968,1010,0.58,1.03
2025-12-10 08:04:50.618968,1010,0.58,1.03
2025-12-10 09:04:50.618968,1012,0.14,0.82
2025-12-10 10:04:50.618968,1012,0.14,0.82
2025-12-10 11:04:50.618968,1012,0.14,0.82
2025-12-10 12:04:50.618968,1011,0.72,1.52
2025-12-10 13:04:50.618968,1011,0.72,1.52
2025-12-10 14:04:50.618968,1011,0.72,1.52
2025-12-10 15:04:50.618968,1010,0.41,0.71
2025-12-10 16:04:50.618968,1010,0.41,0.71
2025-12-10 17:04:50.618968,1010,0.41,0.71
2025-12-10 18:04:50.618968,1011,0.41,0.34
2025-12-10 19:04:50.618968,1011,0.41,0.34
2025-12-10 20:04:50.618968,1011,0.41,0.34
2025-12-10 21:04:50.618968,1012,0.89,0.81
2025-12-10 22:04:50.618968,1012,0.89,0.81
2025-12-10 23:04:50.618968,1012,0.89,0.81
2025-12-11 00:04:50.618968,1011,0.65,0.63
2025-12-11 01:04:50.618968,1011,0.65,0.63
2025-12-11 02:04:50.618968,1011,0.65,0.63
2025-12-11 03:04:50.618968,1010,0.8,1.03
2025-12-11 04:04:50.618968,1010,0.8,1.03
2025-12-11 05:04:50.618968,1010,0.8,1.03
2025-12-11 06:04:50.618968,1011,0.68,0.91
2025-12-11 07:04:50.618968,1011,0.68,0.91
2025-12-11 08:04:50.618968,1011,0.68,0.91
2025-12-11 09:04:50.618968,1013,0.95,1.82
2025-12-11 10:04:50.618968,1013,0.95,1.82
2025-12-11 11:04:50.618968,1013,0.95,1.82
2025-12-11 12:04:50.618968,1011,0.17,0.21
2025-12-11 13:04:50.618968,1011,0.17,0.21
2025-12-11 14:04:50.618968,1011,0.17,0.21
2025-12-11 15:04:50.618968,1010,0.57,1.3
2025-12-11 16:04:50.618968,1010,0.57,1.3
2025-12-11 17:04:50.618968,1010,0.57,1.3
2025-12-11 18:04:50.618968,1011,0.3,0.33
2025-12-11 19:04:50.618968,1011,0.3,0.33
2025-12-11 20:04:50.618968,1011,0.3,0.33
2025-12-11 21:04:50.618968,1012,0.62,0.6
2025-12-11 22:04:50.618968,1012,0.62,0.6
2025-12-11 23:04:50.618968,1012,0.62,0.6
2025-12-12 00:04:50.618968,1011,0.81,0.74
2025-12-12 01:04:50.618968,1011,0.81,0.74
2025-12-12 02:04:50.618968,1011,0.81,0.74
2025-12-12 03:04:50.618968,1009,0.23,0.22
2025-12-12 04:04:50.618968,1009,0.23,0.22
2025-12-12 05:04:50.618968,1009,0.23,0.22
2025-12-12 06:04:50.618968,1011,0.44,0.7
2025-12-12 07:04:50.618968,1011,0.44,0.7
2025-12-12 08:04:50.618968,1011,0.44,0.7
2025-12-12 09:04:50.618968,1011,0.38,0.5
2025-12-12 10:04:50.618968,1011,0.38,0.5
2025-12-12 11:04:50.618968,1011,0.38,0.5
2025-12-12 12:04:50.618968,1010,1.07,1.6
2025-12-12 13:04:50.618968,1010,1.07,1.6
2025-12-12 14:04:50.618968,1010,1.07,1.6
2025-12-12 15:04:50.618968,1008,1.02,1.51
2025-12-12 16:04:50.618968,1008,1.02,1.51
2025-12-12 17:04:50.618968,1008,1.02,1.51
2025-12-12 18:04:50.618968,1010,0.6,0.5
2025-12-12 19:04:50.618968,1010,0.6,0.5
2025-12-12 20:04:50.618968,1010,0.6,0.5
2025-12-12 21:04:50.618968,1012,0.94,0.8
2025-12-12 22:04:50.618968,1012,0.94,0.8
2025-12-12 23:04:50.618968,1012,0.94,0.8
2025-12-13 00:04:50.618968,1011,0.42,0.41
2025-12-13 01:04:50.618968,1011,0.42,0.41
2025-12-13 02:04:50.618968,1011,0.42,0.41
2025-12-13 03:04:50.618968,1009,0.86,0.82
2025-12-13 04:04:50.618968,1009,0.86,0.82
2025-12-13 05:04:50.618968,1009,0.86,0.82
2025-12-13 06:04:50.618968,1010,0.97,0.93
2025-12-13 07:04:50.618968,1010,0.97,0.93
2025-12-13 08:04:50.618968,1010,0.97,0.93
2025-12-13 09:04:50.618968,1011,0.84,0.92
2025-12-13 10:04:50.618968,1011,0.84,0.92
2025-12-13 11:04:50.618968,1011,0.84,0.92
2025-12-13 12:04:50.618968,1009,1.76,1.22
2025-12-13 13:04:50.618968,1009,1.76,1.22
2025-12-13 14:04:50.618968,1009,1.76,1.22
2025-12-13 15:04:50.618968,1007,1.36,2.8
2025-12-13 16:04:50.618968,1007,1.36,2.8
2025-12-13 17:04:50.618968,1007,1.36,2.8
2025-12-13 18:04:50.618968,1009,0.59,0.72
2025-12-13 19:04:50.618968,1009,0.59,0.72
2025-12-13 20:04:50.618968,1009,0.59,0.72
2025-12-13 21:04:50.618968,1011,0.99,0.91
2025-12-13 22:04:50.618968,1011,0.99,0.91
2025-12-13 23:04:50.618968,1011,0.99,0.91
2025-12-14 00:04:50.618968,1011,1.01,0.92
2025-12-14 01:04:50.618968,1011,1.01,0.92
2025-12-14 02:04:50.618968,1011,1.01,0.92
2025-12-14 03:04:50.618968,1010,0.96,0.93
2025-12-14 04:04:50.618968,1010,0.96,0.93
2025-12-14 05:04:50.618968,1010,0.96,0.93
2025-12-14 06:04:50.618968,1011,0.85,0.74
2025-12-14 07:04:50.618968,1011,0.85,0.74
2025-12-14 08:04:50.618968,1011,0.85,0.74
2025-12-14 09:04:50.618968,1013,1.49,2.34
2025-12-14 10:04:50.618968,1013,1.49,2.34
2025-12-14 11:04:50.618968,1013,1.49,2.34
2025-12-14 12:04:50.618968,1011,0.97,2.01
2025-12-14 13:04:50.618968,1011,0.97,2.01
2025-12-14 14:04:50.618968,1011,0.97,2.01
2025-12-14 15:04:50.618968,1009,1.3,4.31
2025-12-14 16:04:50.618968,1009,1.3,4.31
2025-12-14 17:04:50.618968,1009,1.3,4.31
2025-12-14 18:04:50.618968,1010,0.6,0.75
2025-12-14 19:04:50.618968,1010,0.6,0.75
2025-12-14 20:04:50.618968,1010,0.6,0.75
2025-12-14 21:04:50.618968,1012,1.13,1.32
2025-12-14 22:04:50.618968,1012,1.13,1.32
2025-12-14 23:04:50.618968,1012,1.13,1.32
2025-12-15 00:04:50.618968,1011,0.92,0.93
2025-12-15 01:04:50.618968,1011,0.92,0.93
2025-12-15 02:04:50.618968,1011,0.92,0.93
2025-12-15 03:04:50.618968,1009,0.91,0.94
2025-12-15 04:04:50.618968,1009,0.91,0.94
2025-12-15 05:04:50.618968,1009,0.91,0.94
2025-12-15 06:04:50.618968,1011,1.14,1.22
2025-12-15 07:04:50.618968,1011,1.14,1.22
2025-12-15 08:04:50.618968,1011,1.14,1.22
2025-12-15 09:04:50.618968,1012,0.71,1.2
2025-12-15 10:04:50.618968,1012,0.71,1.2
2025-12-15 11:04:50.618968,1012,0.71,1.2
2025-12-15 12:04:50.618968,1011,1.16,1.53
2025-12-15 13:04:50.618968,1011,1.16,1.53
2025-12-15 14:04:50.618968,1011,1.16,1.53
2025-12-15 15:04:50.618968,1009,0.34,0.64
2025-12-15 16:04:50.618968,1009,0.34,0.64
2025-12-15 17:04:50.618968,1009,0.34,0.64
2025-12-15 18:04:50.618968,1010,1.03,0.91
2025-12-15 19:04:50.618968,1010,1.03,0.91
2025-12-15 20:04:50.618968,1010,1.03,0.91
2025-12-15 21:04:50.618968,1012,1.27,1.1
2025-12-15 22:04:50.618968,1012,1.27,1.1
2025-12-15 23:04:50.618968,1012,1.27,1.1
2025-12-16 00:04:50.618968,1011,1.28,1.61
2025-12-16 01:04:50.618968,1011,1.28,1.61
2025-12-16 02:04:50.618968,1011,1.28,1.61
2025-12-16 03:04:50.618968,1009,1.14,1.01
2025-12-16 04:04:50.618968,1009,1.14,1.01
2025-12-16 05:04:50.618968,1009,1.14,1.01
2025-12-16 06:04:50.618968,1010,1.1,1.01
2025-12-16 07:04:50.618968,1010,1.1,1.01
2025-12-16 08:04:50.618968,1010,1.1,1.01
2025-12-16 09:04:50.618968,1012,0.42,0.83
2025-12-16 10:04:50.618968,1012,0.42,0.83
2025-12-16 11:04:50.618968,1012,0.42,0.83
2025-12-16 12:04:50.618968,1010,0.47,0.84
2025-12-16 13:04:50.618968,1010,0.47,0.84
2025-12-16 14:04:50.618968,1010,0.47,0.84
2025-12-16 15:04:50.618968,1009,0.39,0.62
2025-12-16 16:04:50.618968,1009,0.39,0.62
2025-12-16 17:04:50.618968,1009,0.39,0.62
2025-12-16 18:04:50.618968,1011,0.64,0.71
2025-12-16 19:04:50.618968,1011,0.64,0.71
2025-12-16 20:04:50.618968,1011,0.64,0.71
2025-12-16 21:04:50.618968,1012,0.75,0.76
2025-12-16 22:04:50.618968,1012,0.75,0.76
2025-12-16 23:04:50.618968,1012,0.75,0.76
2025-12-17 00:04:50.618968,1012,0.62,0.6
2025-12-17 01:04:50.618968,1012,0.62,0.6
2025-12-17 02:04:50.618968,1012,0.62,0.6
2025-12-17 03:04:50.618968,1010,0.68,0.72
2025-12-17 04:04:50.618968,1010,0.68,0.72
2025-12-17 05:04:50.618968,1010,0.68,0.72
2025-12-17 06:04:50.618968,1012,0.16,0.21
2025-12-17 07:04:50.618968,1012,0.16,0.21
2025-12-17 08:04:50.618968,1012,0.16,0.21
2025-12-17 09:04:50.618968,1013,0.23,0.51
2025-12-17 10:04:50.618968,1013,0.23,0.51
2025-12-17 11:04:50.618968,1013,0.23,0.51
2025-12-17 12:04:50.618968,1012,1.13,2.05
2025-12-17 13:04:50.618968,1012,1.13,2.05
2025-12-17 14:04:50.618968,1012,1.13,2.05
2025-12-17 15:04:50.618968,1009,0.79,1.01
2025-12-17 16:04:50.618968,1009,0.79,1.01
2025-12-17 17:04:50.618968,1009,0.79,1.01
2025-12-17 18:04:50.618968,1011,0.71,0.66
2025-12-17 19:04:50.618968,1011,0.71,0.66
2025-12-17 20:04:50.618968,1011,0.71,0.66
2025-12-17 21:04:50.618968,1013,1.07,0.93
2025-12-17 22:04:50.618968,1013,1.07,0.93
2025-12-17 23:04:50.618968,1013,1.07,0.93
2025-12-18 00:04:50.618968,1012,0.77,0.71
2025-12-18 01:04:50.618968,1012,0.77,0.71
2025-12-18 02:04:50.618968,1012,0.77,0.71
2025-12-18 03:04:50.618968,1010,0.8,0.71
2025-12-18 04:04:50.618968,1010,0.8,0.71
2025-12-18 05:04:50.618968,1010,0.8,0.71
2025-12-18 06:04:50.618968,1011,0.91,0.8
2025-12-18 07:04:50.618968,1011,0.86,0.9
2025-12-18 08:04:50.618968,1012,0.46,0.51
2025-12-18 09:04:50.618968,1012,0.51,0.41
2025-12-18 10:04:50.618968,1012,1.19,0.8
2025-12-18 11:04:50.618968,1011,1.47,1.6
2025-12-18 12:04:50.618968,1011,1.2,1.6
2025-12-18 13:04:50.618968,1010,1.61,1.5
2025-12-18 14:04:50.618968,1008,1.55,1.7
2025-12-18 15:04:50.618968,1008,1.38,1.4
2025-12-18 16:04:50.618968,1007,1.37,1.2
2025-12-18 17:04:50.618968,1008,1.41,1.7
2025-12-18 18:04:50.618968,1009,0.72,1.01
2025-12-18 19:04:50.618968,1010,0.44,0.61
2025-12-18 20:04:50.618968,1011,1.13,0.9
2025-12-18 21:04:50.618968,1011,1.09,0.9
2025-12-18 22:04:50.618968,1011,1.18,1.01
2025-12-18 23:04:50.618968,1011,1.01,0.8
2025-12-19 00:04:50.618968,1011,1.38,1.21
2025-12-19 01:04:50.618968,1010,1.6,1.6
2025-12-19 02:04:50.618968,1009,1.45,1.3
2025-12-19 03:04:50.618968,1009,1.62,1.51
2025-12-19 04:04:50.618968,1009,1.51,1.4
2025-12-19 05:04:50.618968,1009,1.41,1.31
2025-12-19 06:04:50.618968,1010,1.55,1.4
2025-12-19 07:04:50.618968,1010,1.28,1.11
2025-12-19 08:04:50.618968,1011,0.73,0.8
2025-12-19 09:04:50.618968,1011,0.32,0.2
2025-12-19 10:04:50.618968,1011,1.33,0.9
2025-12-19 11:04:50.618968,1010,1.96,1.4
2025-12-19 12:04:50.618968,1009,2.32,1.7
2025-12-19 13:04:50.618968,1009,2.34,2.1
2025-12-19 14:04:50.618968,1008,1.71,1.7
2025-12-19 15:04:50.618968,1007,1.6,1.6
2025-12-19 16:04:50.618968,1007,1.23,1.3
2025-12-19 17:04:50.618968,1007,0.38,0.8
2025-12-19 18:04:50.618968,1008,0.25,0.4
2025-12-19 19:04:50.618968,1009,0.64,0.5
2025-12-19 20:04:50.618968,1009,0.97,0.8
2025-12-19 21:04:50.618968,1010,1.0,0.7
2025-12-19 22:04:50.618968,1010,1.11,0.81
2025-12-19 23:04:50.618968,1010,1.29,1.01
2025-12-20 00:04:50.618968,1010,1.37,1.21
2025-12-20 01:04:50.618968,1009,1.34,1.3
2025-12-20 02:04:50.618968,1008,1.29,1.1
2025-12-20 03:04:50.618968,1008,1.38,1.3
2025-12-20 04:04:50.618968,1008,1.21,1.1
2025-12-20 05:04:50.618968,1008,1.37,1.2
2025-12-20 06:04:50.618968,1008,1.23,1.1
2025-12-20 07:04:50.618968,1009,1.27,1.21
2025-12-20 08:04:50.618968,1010,0.74,1.0
2025-12-20 09:04:50.618968,1010,0.21,0.4
2025-12-20 10:04:50.618968,1010,1.15,0.7
2025-12-20 11:04:50.618968,1009,1.86,1.31
2025-12-20 12:04:50.618968,1009,1.66,1.31
2025-12-20 13:04:50.618968,1008,1.64,1.4
2025-12-20 14:04:50.618968,1007,1.82,1.61
2025-12-20 15:04:50.618968,1006,1.89,2.0
2025-12-20 16:04:50.618968,1006,1.09,1.31
2025-12-20 17:04:50.618968,1006,0.75,1.01
2025-12-20 18:04:50.618968,1007,0.29,0.5
2025-12-20 19:04:50.618968,1008,0.01,0.61
2025-12-20 20:04:50.618968,1009,0.5,0.7
2025-12-20 21:04:50.618968,1010,1.13,0.9
2025-12-20 22:04:50.618968,1010,1.44,1.2
2025-12-20 23:04:50.618968,1010,1.49,1.3
2025-12-21 00:04:50.618968,1010,1.31,1.2
2025-12-21 01:04:50.618968,1010,1.51,1.4
2025-12-21 02:04:50.618968,1009,1.45,1.4
2025-12-21 03:04:50.618968,1008,1.97,2.21
2025-12-21 04:04:50.618968,1008,2.26,2.61
2025-12-21 05:04:50.618968,1009,1.7,1.9
2025-12-21 06:04:50.618968,1009,1.37,1.5
2025-12-21 07:04:50.618968,1010,1.44,1.6
2025-12-21 08:04:50.618968,1011,0.87,1.11
2025-12-21 09:04:50.618968,1011,0.26,0.52
2025-12-21 10:04:50.618968,1011,0.24,0.5
2025-12-21 11:04:50.618968,1010,0.13,0.61
2025-12-21 12:04:50.618968,1009,1.25,0.9
2025-12-21 13:04:50.618968,1008,1.89,1.3
2025-12-21 14:04:50.618968,1007,1.92,1.4
2025-12-21 15:04:50.618968,1007,1.91,1.9
2025-12-21 16:04:50.618968,1007,1.48,1.81
2025-12-21 17:04:50.618968,1007,0.85,1.4
2025-12-21 18:04:50.618968,1008,0.18,0.32
2025-12-21 19:04:50.618968,1008,0.57,0.41
2025-12-21 20:04:50.618968,1009,0.97,0.81
2025-12-21 21:04:50.618968,1010,1.25,1.11
2025-12-21 22:04:50.618968,1010,1.36,1.21
2025-12-21 23:04:50.618968,1010,1.76,1.61
2025-12-22 00:04:50.618968,1010,1.98,2.2
2025-12-22 01:04:50.618968,1010,1.99,2.21
2025-12-22 02:04:50.618968,1010,1.83,1.91
2025-12-22 03:04:50.618968,1009,1.53,1.5
2025-12-22 04:04:50.618968,1009,1.5,1.51
2025-12-22 05:04:50.618968,1009,1.38,1.33
2025-12-22 06:04:50.618968,1009,1.56,1.6
2025-12-22 07:04:50.618968,1009,1.08,1.02
2025-12-22 08:04:50.618968,1010,0.35,0.41
2025-12-22 09:04:50.618968,1011,0.45,0.2
2025-12-22 10:04:50.618968,1010,0.91,0.51
2025-12-22 11:04:50.618968,1010,1.33,0.8
2025-12-22 12:04:50.618968,1009,2.03,1.31
2025-12-22 13:04:50.618968,1008,2.43,1.7
2025-12-22 14:04:50.618968,1007,2.08,1.8
2025-12-22 15:04:50.618968,1007,1.89,1.7
2025-12-22 16:04:50.618968,1006,1.54,1.5
2025-12-22 17:04:50.618968,1007,0.84,1.11
2025-12-22 18:04:50.618968,1007,0.17,0.43
2025-12-22 19:04:50.618968,1008,0.49,0.53
2025-12-22 20:04:50.618968,1009,0.75,0.82
2025-12-22 21:04:50.618968,1010,0.95,1.0
2025-12-22 22:04:50.618968,1010,1.13,0.91
2025-12-22 23:04:50.618968,1011,1.31,1.1
2025-12-23 00:04:50.618968,1011,1.41,1.21
2025-12-23 01:04:50.618968,1010,1.57,1.3
2025-12-23 02:04:50.618968,1009,1.73,1.6
2025-12-23 03:04:50.618968,1009,1.74,1.61
2025-12-23 04:04:50.618968,1008,1.64,1.52
2025-12-23 05:04:50.618968,1008,1.72,1.5
2025-12-23 06:04:50.618968,1009,1.55,1.4
2025-12-23 07:04:50.618968,1009,1.32,1.21
2025-12-23 08:04:50.618968,1010,0.8,1.0
2025-12-23 09:04:50.618968,1010,0.28,0.5
2025-12-23 10:04:50.618968,1010,1.1,0.81
2025-12-23 11:04:50.618968,1010,1.57,1.21
2025-12-23 12:04:50.618968,1009,1.93,1.51
2025-12-23 13:04:50.618968,1008,2.4,1.61
2025-12-23 14:04:50.618968,1007,2.51,1.72
2025-12-23 15:04:50.618968,1006,2.54,2.0
2025-12-23 16:04:50.618968,1006,2.03,1.92
2025-12-23 17:04:50.618968,1006,1.15,1.31
2025-12-23 18:04:50.618968,1007,0.76,0.91
2025-12-23 19:04:50.618968,1008,1.46,1.41
2025-12-23 20:04:50.618968,1009,1.61,1.61
2025-12-23 21:04:50.618968,1010,1.51,1.5
2025-12-23 22:04:50.618968,1010,1.42,1.3
